S.No,Name of Students,Reg No,Faculty,Room No
1,Asad Ali,2k22-Agri-30,Agriculture,P-01
2,Hina Khan,2k23-Vet-15,Veterinary Science,P-01
3,Muhammad Farhan,2k21-FS-14,Food Science,P-01
4,Amina Bibi,2k22-WM-18,Water Management,P-02
5,Shahid Khan,2k23-MS-12,Marine Sciences,P-02
6,Sana Ahmed,2k21-Env-25,Environmental Science,P-02
7,Bilal Ali,2k22-Agri-42,Agriculture,P-03
8,Nazia Khan,2k23-Vet-21,Veterinary Science,P-03
9,Arif Ahmed,2k21-FS-17,Food Science,P-03
10,Sumaira Malik,2k22-WM-28,Water Management,P-04


